pokelatin,translation,location_in_game,comment,game,added_date
`Rbke(A/r) D(H)qX,,,Pictures on Naveen's jacket,ZA,2025-09-27
Meorg,,,Sign on battle field,ZA,2025-09-27
Jfwtwa,,,Sign on battle field,ZA,2025-09-27
VN~sEVE,,,Mable's Rotom tablet,ZA,2025-09-27
DUDLSL,MOMIJI,,"Name tag on Mable (モミジ, Momiji)",ZA,2025-09-27
XVSFTsAO,,Boutique UI,Boutique,ZA,2025-09-27
PsE,,,Barely readable boutique ad. The text on the bottom corresponds to the text on the boutique’s window,ZA,2025-09-27
Dawcqe ic,,Boutique UI,Boutique (red),ZA,2025-09-27
HiQMf,FORIA,,Clothing brand,ZA,2025-09-27
BXNegr,,,"Danger sign? I think the first character is not B due to the middle segments not reaching the leftmost part, but it could be stylised.",ZA,2025-09-27
lQDAB LFDEQNC,MIARE STADIUM,,MZ Team Jacket,ZA,2025-09-27
UTsO,CAFE,,Café,ZA,2025-09-27
QYEVTJB,,,Shop sign,ZA,2025-09-27
SCFM,SHOP,,Shop sign,ZA,2025-09-27
TYCR RNFSHQ,,,Post sign,ZA,2025-09-27
Uohteri ~Bgc Mrtwbè Htk `qtg Yfq,,,Lumiose city. Green street banner,ZA,2025-09-27
BFCJTsZ,,,Lumiose city. Boutique sign,ZA,2025-09-27
RNFSHQ,,,Shop sign from a shop with the sign Dawcqe ic ,ZA,2025-09-27
RSECBsASCM,,Hairdresser UI,Hairdresser’s,ZA,2025-09-27
QoQog,,,Clothes brand,ZA,2025-09-27
Jgbt,,,Furfrou’s hairdresser,ZA,2025-09-27
Mbgc( )efq Xcqjo ( )eiea(j),,,Lumiose city. Miare City does not fit.,ZA,2025-09-27
JBOM,TAXI,,Taxi,ZA,2025-09-27
Veqrehj,,,Taxi's license plate,ZA,2025-09-27
Qtaoèg,,,Flipped sign on a garden tent/stand,ZA,2025-09-27
Mocga[---] Lhwtj wrcew RNFS HQD wbrgq IsF XsZI ajo ftb QQLREOL aho LFJHT[---] ewa[---],,,Café? Menu sign,ZA,2025-09-27
fcabo,,,"Boat. The last character is seen in another frame, but the whole word is unreadable at once",ZA,2025-09-27
Btah,,,Another battlefield brand,ZA,2025-09-27
Vqciaqje,,,"Another battlefield brand. Like the boat, the whole word is not readable in a single frame",ZA,2025-09-27
Nehcij,,,Azumarill sign,Champions,2025-09-27
DMS,,,Pokémon Champions logo?,Champions,2025-09-27
bokq iègb,,,Meditite sign,Champions,2025-09-27
j`qw()(e) (t)()o()q,,,Not readable. Krookodile sign,Champions,2025-09-27
TXLSLOF,,,TV,Champions,2025-09-27
lQDAB RQFZ,MIARE CITY,Miare City Map,Miare City Map Title,ZA,2025-09-27
Qbe`qcwoh qtkonfb je lo~wbqcir,,Miare City Map,Miare City Map Subtitle,ZA,2025-09-27
rqot gcofaiactaqje cagbaqjhoir,,Miare City Map,Eevee Sign on Miare City Map,ZA,2025-09-27
Mbe~w L lQDAB,,Miare City Map,Miare City Museum front sign,ZA,2025-09-27
RELBEQ TVEPMs,,Miare City Map,Roselia Legend in Miare City Map,ZA,2025-09-27
`RBYEZJ~sQsFLA`D,,Miare City Map,Roselia Title in Miare City Map,ZA,2025-09-27
Xocbg Veqrehj Tret Bh Qewgci,,Miare City Map,Roselia Subtitle in Miare City Map,ZA,2025-09-27
Dfcbw Jbitcaqhrw,,Miare City Map,Aegislash Legend in Miare City Map,ZA,2025-09-27
mFOQLlVIUJ`RYlQV,,Miare City Map,Aegislash Title in Miare City Map,ZA,2025-09-27
Sogbe qrt Jghbt Iefbciww giq,,Miare City Map,Aegislash Subtitle in Miare City Map,ZA,2025-09-27
Mbe~w L lQDAB,,Miare City Map,Museum Legend in Miare City Map,ZA,2025-09-27
lEXBQCSIEIT,,Miare City Map,Museum Title in Miare City Map,ZA,2025-09-27
Fto Bcbjq Zwb Qofcq Xtogwtif,,Miare City Map,Museum Subtitle in Miare City Map,ZA,2025-09-27
PQRwNQT DEMLEZ,POKeMON CENTER,Miare City Map,Pokémon Center Legend in Miare City Map,ZA,2025-09-27
UTsOP~BER~sVIYD~B,,Miare City Map,Pokémon Center Title in Miare City Map,ZA,2025-09-27
Lhwtj Oct Foewb Dbi sqhct Ze,,Miare City Map,Pokémon Center Subtitle in Miare City Map. They are also all direction signs text combined,ZA,2025-09-27
QYEVTJB SCFM,,Miare City Map,Shop Legend in Miare City Map,ZA,2025-09-27
QUJOL`PlDSl,,Miare City Map,Shop Title in Miare City Map,ZA,2025-09-27
Vh Nehcij wgtieqog Xecwbtqc,,Miare City Map,Shop Subtitle in Miare City Map,ZA,2025-09-27
UTsO,CAFE,Miare City Map,Café Legend in Miare City Map,ZA,2025-09-27
P~BER~sVIY,,Miare City Map,Café Legend in Miare City Map,ZA,2025-09-27
MBmERBYJOUEQAlFQ,,Miare City Map,Café Title in Miare City Map,ZA,2025-09-27
Riwbr Ctw Drch sqbt Hcirt Ibeo,,Miare City Map,Café Subtitle in Miare City Map,ZA,2025-09-27
LOFNR Dhwcqe Mbgctefqci botoaeqja,,,PP up advertisment,ZA,2025-09-27
MBYUSMV,,,Building sign,ZA,2025-09-27
BXNegr,,,Danger zone sign,ZA,2025-09-27
Vh Nehcij wgtieqog,,,My Friend Malamar Advertisment,ZA,2025-09-27
XVSFTsAO,,,Station. Yellow shop or restaurant. Repeats in blue shop next to it,ZA,2025-05-18
rqot,,,Pokemon Center. Potion sign,ZA,2025-05-18
PQRwNQT DEMLEZ,POKeMON CENTER,,Pokemon Center. Pokéball sign,ZA,2025-05-18
lQDAB LFDEQNC,MIARE STADIUM,,,ZA,2025-05-18
BFCJTsZ,,,,ZA,2025-05-18
[---] wbrgq [---] QQLREOL aho LFJHTOO ewa oc,,,Red café. Blackboard,ZA,2025-05-18
[---] BEQT Sjqqoct(h) sqbt HCsSYC [---],,,Red café. Blackboard,ZA,2025-05-18
Ribwgjhw eoiw Zjehq Bgcofaia ctaqje cagb taqje PsELBRs,,,Red café. Blackboard standing in front,ZA,2025-05-18
RE[---] RsTQAEM,,,Street sign. Headphones ad,ZA,2025-05-18
UTsO,CAFE,,,ZA,2025-05-18
P~BER~sVIY,,,,ZA,2025-05-18
[---] RNFSHQ [---],,,,ZA,2025-05-18
Veqrehj,Hansamu,,Blue car plate. Taxi?,ZA,2025-05-18
Jfwtwa [---]eorg[---] Vqciaqje,,,,ZA,2025-05-18
Qta[---] S(    )[---],,,Swirlix stand. There is more text barely readable,ZA,2025-05-18
Sogbe qrt Jghbt,,,"Rotom mobile phone. Subtitles: ""This is a promotion match announcement""",ZA,2025-05-18
lQDAB,MIARE,,Train. Probably the line name,ZA,2025-05-18
Etiae [---] Ejehb Qtao Igw Roiqec Bftee cw Fgoqj Bt(a)h Vqciaqje M[---] Jfwtw(a) A[---]j Ftbbeir,,,Train station. Some of the lines or destinations are not readable,ZA,2025-05-18
MBmERBYJOUE LOFNR,,,,ZA,2025-05-18
V([---])iaq(N),,,Ad post. Pink Furfrou ad,ZA,2025-05-18
lQDAB RQFZ,MIARE CITY,,,ZA,2025-05-18
Qbe`qcwoh qtkonfb je lo~wbqcir,,,,ZA,2025-05-18
Mbe~w L lQDAB,,,,ZA,2025-05-18
lEXBQCSIEIT Fto Bcbjq Zqb Qofcq Xtogqtif,,,Museum sign?. Accompanying text description,ZA,2025-05-18
RELBEQ TVEPMs,,,,ZA,2025-05-18
`RBYEZJ~sQsFLA`D Xocbg Veqrehj Tret Bh Qewgci,,,Roselia head?. Accompanying text description,ZA,2025-05-18
Dfcbw Jbitcaqhrw,,,,ZA,2025-05-18
mFOQLlVIUJ`RYlQV Sogbe qrt Jghbt Iefbciww giq,,,Aegislash shield?. Accompanying text description,ZA,2025-05-18
PQRwNQT DEMLEZ,POKeMON CENTER,,,ZA,2025-05-18
UTsOP~OER~sVIYD~O Lhqtj Oct Foeqb Dbi sqhct Ze,,,Pokémon Center Sign Legend. Accompanying text description,ZA,2025-05-18
QYEVTJO ,,,Pokémon Shopping Bag Legend in Lumiose City map. Word 1,ZA,2025-05-18
SCFM,SHOP,,Pokémon Shopping Bag Legend in Lumiose City map. Word 2,,
QUJOL`PlDSl Vh Nehcij qgtieqog Xecqbtqc,,,Shopping Bag in Legend,ZA,2025-05-18
UTsO,CAFE,,Café sign? Word 1.,ZA,2025-05-18
P~OER~sVIY,,,Café sign? Word 2.,,
MOmEROYJOUEQAlFQ Riqbr Ctq Drch sqbt Hcirt Ibeo,,,Café Sign in Legend. Accompanying text description,ZA,2025-05-18
Daetrw,,,"CONFIDENTIAL. Japanese MARUHI, and NAIBUN fits",ZA,2025-05-18
Agfoecqeai,,,1st ZA trailer. In Japanese: TOSHI SAIKAIHATSU KOUSOU (URBAN REDEVELOPMENT PLAN),ZA,2025-05-18
lQDAB RQFZ,MIARE CITY,,1st ZA trailer. Subtitle,ZA,2025-05-18
DHqX rweZHqVVatS,,,1st ZA trailer. A vision of beautiful coexistence between people and Pokémon. In Japanese: HITO TO POKEMON NO I SON WO YUMEMITE,ZA,2025-05-18
Dfcbw Qfcbojic[---],,,Mega Victreebel Trailer. File text.,ZA,2025-08-21
Crqot,,,Mega Victreebel Trailer. File text.,ZA,2025-08-21
Xocbg Veqrehj Tret Bh Qewgci,,,Mega Victreebel Trailer. File text. “The Case of the Sweet Scent Incident,ZA,2025-08-21
QQLREOLFJHTOOsCLXVSFTsAOT,,,Mega Victreebel Trailer. File text.,ZA,2025-08-21
Sogbe qrt Jghbt Iefbciww giq,,,Mega Victreebel Trailer. File text.,ZA,2025-08-21
Qbe`qcwoh qtkonfb je,,,Mega Victreebel Trailer. File text. “The Footage cuts off here”,ZA,2025-08-21
~BAREFmQ`DB,,,Mega Victreebel Trailer. Newspaper,ZA,2025-08-21
PsELBRsTYCR[---],,,Mega Victreebel Trailer. Newspaper,ZA,2025-08-21
IMUOALU,,,Mega Victreebel Trailer. Newspaper,ZA,2025-08-21
(O)PMsHCsSYCBFCJTsZ,,,Mega Victreebel Trailer. Newspaper,ZA,2025-08-21
NRSECBsASCMBsSVOsR,,,Mega Victreebel Trailer. Newspaper,ZA,2025-08-21
FJHTOOsCLXVSFTsAOT,,,Mega Victreebel Trailer. Newspaper,ZA,2025-08-21
[---]YCRNFSHQDIsFXsZI,,,Mega Victreebel Trailer. Newspaper,ZA,2025-08-21
Dfcbw Qfcbojicte,,,Mega Victreebel Trailer. Newspaper,ZA,2025-08-21
Qbe`qcwoh qtkonfb je lo~wbqcir,,,Mega Victreebel Trailer. Newspaper,ZA,2025-08-21
mjwg btotk Eoqrègit ohqtk~qbr,,,Mega Victreebel Trailer. Newspaper,ZA,2025-08-21
Qfcbojicte Crqot,,,Mega Victreebel Trailer. Newspaper,ZA,2025-08-21
Fto Bcbjq Zwb Qofcq Xtogwtif,,,Mega Victreebel Trailer. Newspaper,ZA,2025-08-21
Xocbg Veqrehj Tret Bh Qewgci,,,Mega Victreebel Trailer. File text.,ZA,2025-08-21
RELBEQTVEPMsHCsSYCFCJTsZ,,,Mega Victreebel Trailer. File text.,ZA,2025-08-21
hbgnèib`q,,,Mega Victreebel Trailer. File text.,ZA,2025-08-21
[---]lOM`RD[---],,,Mega Victreebel Trailer. File text.,ZA,2025-08-21
[---]MQ`DB,,,Mega Victreebel Trailer. File text.,ZA,2025-08-21
Qicwtrg,,,Mega Hawlucha Trailer. Poster,ZA,2025-08-28
sqbt Hcirt,,,Mega Hawlucha Trailer. Poster,ZA,2025-08-28
[---] Heqf,,,Mega Hawlucha Trailer. Poster,ZA,2025-08-28
Fto Bcb[---] Xtog wtif Iefb ciww,,,Mega Hawlucha Trailer. Poster,ZA,2025-08-28
Zofhgi Tqj,,,Mega Hawlucha Trailer. Poster,ZA,2025-08-28
Xocbg Veqrehj Tret Bh Qewgci,,,Mega Hawlucha Trailer. Poster,ZA,2025-08-28
Lhwtj,,,Mega Hawlucha Trailer. Poster. Hawlucha,ZA,2025-08-28
Foewb,,,Mega Hawlucha Trailer. Poster. Gallade,ZA,2025-08-28
Xocbj,,,Mega Hawlucha Trailer. Poster. Pangoro,ZA,2025-08-28
Iqite,,,Mega Hawlucha Trailer. Poster. Machamp,ZA,2025-08-28
Sogbe,,,Mega Hawlucha Trailer. Poster. Heracross,ZA,2025-08-28
(D)ghbt,,,Mega Hawlucha Trailer. Poster. Hawlucha,ZA,2025-08-28
Qtijq,,,Mega Hawlucha Trailer. Poster. Lucario,ZA,2025-08-28
Bwgib Zwb,,,Mega Hawlucha Trailer. Poster. Machamp,ZA,2025-08-28
Riwbr Ctw,,,Mega Hawlucha Trailer. Poster,ZA,2025-08-28
rch,,,Mega Hawlucha Trailer. Poster,ZA,2025-08-28
Sjqqoctaq,,,Train seat. Beginning of the game,ZA,2025-09-26
lQDAB,MIARE,,Train station. Sign on train wagons.,ZA,2025-09-26
Agfoe,,,Lumiose city. Greninja ad.,ZA,2025-09-26
Lhwtj Oct,,,Lumiose city. Direction Sign,ZA,2025-09-26
Agfoecqeai,,,,ZA,2025-09-26
H( )gaitqho(w),,,Lumiose city base. Lumiose map,ZA,2025-09-26
LREOLFJ [---] ctaq,,,Lumiose city base. Lumiose documents,ZA,2025-09-26
FJH,,,Lumiose city. Banner,ZA,2025-09-26
Vh Nehcij wgtieqog,,,Malamar News. Banner,ZA,2025-09-10
oewao,,,Train station. Sign on train wagons.,ZA,2025-10-17
oto,,,Train station. Helioptile brand name,ZA,2025-10-17
QTVEPMs,,,Train station. Train platform sign,ZA,2025-10-17
QQL Xcqj owe,,,Train station. Train platform sign,ZA,2025-10-17
Mbgc tef,,,Train station. Train platform sign,ZA,2025-10-17
Xcqjowei ftbahoew Jbitcaq Pbcwia,,,Train station. Machop poster with Mumu milk,ZA,2025-10-17
Jbitcaqhr,,,Train station. Fungi poster,ZA,2025-10-17
Ribwgj,,,Train. Bunnelby sign,ZA,2025-10-17
Etiae,,,Train station. Poster of a restaurant,ZA,2025-10-17
Vh Nehcij wgtieqog Xecwbtqc,,,Train station. Poster of a restaurant,ZA,2025-10-17
Oawcortach,,,Train station. Map,ZA,2025-10-17
Vh Nehcij wgtieqog Xecwbtqc,,,Train station. Team star? tower,ZA,2025-10-17
Agf Bgcofaiac qj Mocgawtf,,,Train station. Swanna poster,ZA,2025-10-17
cew fcabo Dawcqe,,,Lumiose city. Light blue sign (map?),ZA,2025-10-17
Foewb Dbi,,,Lumiose city. Direction Sign,ZA,2025-10-17
RELB LREBLF RsTQAEM,,,Lumiose city. Headphones ad,ZA,2025-10-17
DHqX Jbitcaqhrw,,,Lumiose city. Smeargle ad,ZA,2025-10-17
Mocgawtf c rqot [---]cwia Pbcwia,,,Lumiose city. Gallade and Gardevoir ad,ZA,2025-10-17
Pbcwia Agfoecqeai,,,Lumiose city. Kalos starters ad,ZA,2025-10-17
Vqciaqje,,,Lumiose city. Paintings ad,ZA,2025-10-17
Sbrrec ~q ibfh lQDAB,,,Lumiose city. Important message on street screens. [---] MIARE,ZA,2025-10-17
loqa`q,,,Lumiose city. Green sector. Back alley. Cardboard box,ZA,2025-10-17
BsSVOsR,,,Lumiose city. Green sector. Back alley. Blue Floette poster,ZA,2025-10-17
BXNegr,,,Lumiose city. Combat zone sign,ZA,2025-10-17
SLOFNR,,,Lumiose city. Café menu,ZA,2025-10-17
REL,,,Lumiose city. Café menu,ZA,2025-10-17
BFCJTsZ BEQT,,,Lumiose city. Café menu,ZA,2025-10-17
Sjqqocta sqbt,,,Lumiose city. Café menu,ZA,2025-10-17
HCsSYC qhc,,,Lumiose city. Café menu,ZA,2025-10-17
QYEVTJB,,,Lumiose city. Shop sign,ZA,2025-10-17
SCFM,SHOP,,Lumiose city. Shop sign,ZA,2025-10-17
Mocgaw Lhwtj wrcew RNFS HQD,,,Lumiose city. Café menu,ZA,2025-10-17
wbrgq IsF XsZI ajo ftb,,,Lumiose city. Café menu,ZA,2025-10-17
QQLREOL aho LFJHTOO ewa oc,,,Lumiose city. Café menu,ZA,2025-10-17
QYEVTJB SCFM,,,Lumiose city. Kiosk inner sign ,ZA,2025-10-17
Agfoecqeai,,,Lumiose city. Kiosk side sign,ZA,2025-10-17
Riwbr cew Qfcbojicte swqca,,,Lumiose city. Kiosk drinks sign,ZA,2025-10-17
Xbjq,,,Lumiose city. Kiosk. Juice?,ZA,2025-10-17
eoiw,,,Lumiose city. Kiosk. Tea?,ZA,2025-10-17
ic,,,Lumiose city. Kiosk. Blue drink,ZA,2025-10-17
fea,,,Lumiose city. Kiosk. Green drink,ZA,2025-10-17
ajc,,,Lumiose city. Kiosk. Red drink,ZA,2025-10-17
Meorg,,,Lumiose city. Kiosk. Poke Puff?,ZA,2025-10-17
DHqX,,,Lumiose city. Kiosk. Magazine cover. Furfrou.,ZA,2025-10-17
Pbcwia,,,Lumiose city. Kiosk. Magazine cover. Woman (black).,ZA,2025-10-17
Cw,,,Lumiose city. Kiosk. Magazine cover. Man (brown).,ZA,2025-10-17
Dfcbw,,,Lumiose city. Kiosk. Magazine cover. Man (black).,ZA,2025-10-17
Vqciapje,,,Lumiose city. Kiosk. Magazine cover. Woman (white).,ZA,2025-10-17
Aqroj,,,Lumiose city. Kiosk. Magazine cover. Helioptile.,ZA,2025-10-17
Dfcbp,,,Lumiose city. Poster,ZA,2025-10-17
Agfoecqeai,,,Lumiose city. Poster,ZA,2025-10-17
TXLSLOFNRSE CBsASCMBsSVO,,,Lumiose city. Poster,ZA,2025-10-17
Mbgcterqcibotoaeqja,,,Lumiose city. Poster,ZA,2025-10-17
XCNSsJ (G)CACUJZsF,,,Lumiose city. Poster of Valerie,ZA,2025-10-17
Riwcr Ctp Drch sqbt Hcirt Ibeo,,,Lumiose city. Herdier ad,ZA,2025-10-17
Xocbg Veqrehj Tret Bh Qewgci,,,Lumiose city. Herdier ad,ZA,2025-10-17
NQTSLOZ BrFF,MONSTER BaLL,,Lumiose city. Monster Ball poster,ZA,2025-10-17
GAFAZ,GALAR,Pokémon Center,Pokemon Center. Galar magazine,ZA,2025-10-17
UEBMCJ,,Pokémon Center,Pokemon Center. Maybe PALDEA?,ZA,2025-10-17
VJSSQE,SINNOH,Pokémon Center,Pokemon Center. Sinnoh magazine,ZA,2025-10-17
RsTY,,Pokémon Center,Pokemon Center. Magazine,ZA,2025-10-17
HBYUSMV,,,Lumiose city. Some building (shop?) sign,ZA,2025-10-17
sqhct Ze,,Pokédex,Pokedex entry. Description,ZA,2025-10-17
Lhwtj Oct,,Pokédex,Pokedex entry. Model visualisation,ZA,2025-10-17
LXVS(g)T,,Pokémon Center,Pokemon Center. Galar magazine,ZA,2025-10-17
LREOLF LXVS[---],,Pokémon Center,Pokemon Center. Maybe PALDEA?,ZA,2025-10-17
LREOLFJ TOOs CLXV SFT,,Pokémon Center,Pokemon Center. Maybe PALDEA?,ZA,2025-10-17
DIsFX YCBFCJT XLSL,,Pokémon Center,Pokemon Center. Magazine,ZA,2025-10-17
OFNRSE,,Pokémon Center,Pokemon Center. Magazine,ZA,2025-10-17
Etiae,,,Lumiose city. Crepes stand. Top sign,ZA,2025-10-17
Qtaoèg Mbgctefqciboto,,,Lumiose city. Street food stand,ZA,2025-10-17
Ag,,,Lumiose city. Metro/WC? sign,ZA,2025-10-17
cew fcabo Dawcqe ic tajraqwc Ecgw rehq Ctbgewof hjc wbrgq Ribwgjhw,,Pokémon Center,Pokémon Center. Healing sign,ZA,2025-10-17
Mocgawtf Ehqajqbt Qigtfw gh aogwbraq Bchqaget wr,,Pokémon Center,Pokémon Center. Healing sign,ZA,2025-10-17
RELBEQT VEPMsHC,,Momiji Lab,Pokémon Lab. Reception sign,ZA,2025-10-17
BEQTVEPMsHCsSYC,,Momiji Lab,Pokémon Lab. Lanturn screen. Bottom text.,ZA,2025-10-17
PsELB Mbgc,,Momiji Lab,Pokémon Lab. Lanturn screen. Chinchou,ZA,2025-10-17
RNFSH Xcqj gfoecqea Sjqqoct Agfoecqeai,,Momiji Lab,Pokémon Lab. Lanturn screen.,ZA,2025-10-17
TXLSLOFNRSECB,,Momiji Lab,Pokémon Lab. DNA poster,ZA,2025-10-17
Fk PBCZ,,,Lumiose city. Post box,ZA,2025-10-17
DUDLSL PHVHOPsN,MOMIJI RESEARCH,Map,Rotom mobile phone. Wild area subtext. The first word is MOMIJI,ZA,2025-10-20
[---]PB(E),,,Lumiose city. Bottle next to rubbish bin,ZA,2025-10-20
MBmERBYJOUE,,,Lumiose city. Building sign with a Rotom,ZA,2025-10-20
M[---]cgawtf,,,Lumiose city. Meowstic-F board,ZA,2025-10-20
QLREBLFJHT,,,Lumiose city. Bread stand,ZA,2025-10-20
Qfcbojicte Rs,,,Lumiose city. Trainer tips sign title,ZA,2025-10-20
RELBEQTVEPMs HCsSYCFCJTsZ,,,Lumiose city. Trainer tips sign subtitles,ZA,2025-10-20
brn`qa o`qobètkf rwh~qg bna raw~qage~q j`qwfe bpkq,,,Lumiose city. Crepes stand. Front bottom sign.,ZA,2025-10-20
hjc cew,,,Lumiose city. Crepes stand. Crepe signs.,ZA,2025-10-20
Jtwh,,,Lumiose city. Gastroneta (in Spanish) Café Nouveau food truck’s license plate.,ZA,2025-10-20
MBsSV Ibeo Foewb,,,Lumiose city. Café nouveau. Menu blackboard,ZA,2025-10-20
RSECB,,,Lumiose city. Café nouveau. Ketchup and mustard bottles.,ZA,2025-10-20
Bgcofai UTsO lEXBQC MAOEH,,,Lumiose city. Café nouveau. Menu board.,ZA,2025-10-20
MAOEHSsDL,,,Lumiose city. Timburr poster. Title. Also Whismur poster.,ZA,2025-10-20
Xcqjowei ftbahoew Jbitcaq,,,Lumiose city. Timburr poster. Text,ZA,2025-10-20
Sjqqoctaqfhctacichtaerac,,,"Lumiose city. Timburr poster. Text. There is more, too small to read",ZA,2025-10-20
qhct,,,Lumiose city. Timburr poster. Timburr says.,ZA,2025-10-20
Sjqqoctaq,,,Lumiose city. Whismur poster.,ZA,2025-10-20
QLRO,,,Looker Bureau. Whiteboard text,ZA,2025-10-20
Mbgctefq,,,Looker Bureau. Whiteboard text,ZA,2025-10-20
Xcqjo weieaj,,,Looker Bureau. Whiteboard text,ZA,2025-10-20
RELBEQ,,,Looker Bureau. Lumiose city map.,ZA,2025-10-20
Drch sqbt Xcqjoweieajobftbh,,,Lumiose city. Area 4. Tomb,ZA,2025-10-20
Hcirt Ibeo,,,Lumiose city. Area 4. Mausoleum,ZA,2025-10-20
Riwbr Ctw Bgcufaiactaqjecag,,,Lumiose city. Area 4. Short tomb,ZA,2025-10-20
RELBEQTVEPMs,,,Lumiose city. Shopping street,ZA,2025-10-20
UMTRhoO,,,Snorlax Clothing Brand,ZA,2025-10-20
RNFSHQ,,,Boutique (red). Other sign,ZA,2025-10-20
Lhwtj Oct Ibeo Ze Riwbr Dbi Ctw sqhct Hcirt Drch sqbt rehq Ecgw,,,Hairdresser’s blackboard,ZA,2025-10-20
Xoc bg,,,Looker Bureau,ZA,2025-10-20
Veqrehj,Hansamu,,Looker Bureau,ZA,2025-10-20
Crqot,,,Lumiose city. Ad post,ZA,2025-10-23
Dfcbw Etiae Crqot swqba,,,Lumiose city. Ad post rest of legible text.,ZA,2025-10-23
PMsH,,,Lumiose city. Market stand. Sign,ZA,2025-10-23
tajr,,,Lumiose city. Market stand. Sign,ZA,2025-10-23
LBE,,,Lumiose city. Market stand. Sign,ZA,2025-10-23
PYC,,,Lumiose city. Market stand. Sign,ZA,2025-10-23
JTsZ,,,Lumiose city. Market stand. Sign,ZA,2025-10-23
QTVE,,,Lumiose city. Market stand. Sign,ZA,2025-10-23
MsH,,,Lumiose city. Market stand. Sign,ZA,2025-10-23
VwZLQR,,,Clothing brand? Boutique hologram,ZA,2025-10-23
DHqX rweZHqVVatS,,,Bank of Kalos,ZA,2025-10-23
HTOW sCLXVS,,,Tag on taxi driver of secondary mission number 007,ZA,2025-10-23
rwh~qg,,,Rubbish bin,ZA,2025-10-23
HiQMf,FORIA,,FORIA clothing brand,ZA,2025-10-24
XVSFTsAO BQFDEB,,,Lumiose city. Boutique sign,ZA,2025-10-24
mft ~Boa Utjo Jàw AUJO SlOM,,,SPOILERS!!! Floette? Tombstone,ZA,2025-10-24
QT,,,Market sign,ZA,2025-10-27
REL,,,Market sign,ZA,2025-10-27
SYC,,,Market sign,ZA,2025-10-27
LBE,,,Market sign,ZA,2025-10-27
MsH,,,Market sign,ZA,2025-10-27
Dawcqe MsH,,,Market sign,ZA,2025-10-27
Dawcq ic,,,Mints market stand,ZA,2025-10-27
tajra,,,Mints market stand,ZA,2025-10-27
LBRs,,,Mints market stand,ZA,2025-10-27
PsE,,,Mints market stand,ZA,2025-10-27
Mncgaw,,,Mints market stand,ZA,2025-10-27
ehqajq,,,Mints market stand,ZA,2025-10-27
aogor,,,Mints market stand,ZA,2025-10-27
Bchqag,,,Mints market stand,ZA,2025-10-27
LREOLFJ LOFN ctaqfhctac,,,Restaurant Le Mindundi (ESP),ZA,2025-10-27
HCsSYCB,,,Poster of Pokéball with 4 icons around and a phone,ZA,2025-10-31
SVBsR,,,Lysander’s Lab Card,ZA,2025-10-31
ASCMB,,,Lysander’s Lab Card,ZA,2025-10-31
YCBFCJ,,,Lysander’s Lab Card,ZA,2025-10-31
OFNRS,,,Lysander’s Lab Card,ZA,2025-10-31
MsHCs,,,Lysander’s Lab Card,ZA,2025-10-31
BEQFV,,,Lysander’s Lab Card,ZA,2025-10-31
P~BER~sVIYD,,,Taxi,ZA,2025-10-31
Riwbr,,,Sign,ZA,2025-10-31
Pbcwia,,,Sign,ZA,2025-10-31
Leqq,,,Sign,ZA,2025-10-31
gf gfoecqeai,,,Phantump poster,ZA,2025-10-31
HBYUSMV MBmER BYJOUE,,,Black sign with Rotom,ZA,2025-10-31
RELBEQ TVEPMs,,,Rosealia head sign,ZA,2025-10-31
TXLS ctapfpctac,,,Black sign with golden text,ZA,2025-10-31
LREOLFJ LOFN ctaqfhctac,,,Black sign with golden text,ZA,2025-10-31
LREOLFJ LOFN,,,Restaurant Holo Letters,ZA,2025-10-31
Xcqjoweie aj[n]bftb a hoew ao cq,,,Restaurant Holo Letters,ZA,2025-10-31
QLREO,,,Restaurant Holo Letters,ZA,2025-10-31
Sjq qoc taqfhctacicht JT,,,Restaurant Holo Letters,ZA,2025-10-31
icht a eirac CM,,,Restaurant Holo Letters,ZA,2025-10-31
ieajobf tbahoewaocq JT,,,Restaurant Holo Letters,ZA,2025-10-31
RELBEQ,,,Restaurant Holo Letters,ZA,2025-10-31
ahoew jqqoctaqfhct acic CM,,,Restaurant Holo Letters,ZA,2025-10-31
cqjowe ieajobf tbahoewa[o]cq JT,,,Restaurant Holo Letters,ZA,2025-10-31
qj,,,Restaurant Holo Letters,ZA,2025-10-31
Bgcof aiacta ecagbaqjhoir CL,,,Restaurant Holo Letters,ZA,2025-10-31
JHTOO,,,Restaurant Holo Letters,ZA,2025-10-31
ieajo CL,,,Restaurant Holo Letters,ZA,2025-10-31
htae irac JT,,,Restaurant Holo Letters,ZA,2025-10-31
tba hoew CL,,,Restaurant Holo Letters,ZA,2025-10-31
Mbgctefqci botoaeqjar tqcwi ieaj obftba hoewa ocq,,,Restaurant Holo Letters,ZA,2025-10-31
Sjqqoctaqfhctacichtaerac,,,Train station. Map,ZA,2025-10-31
Ribwgjhw Mocgawtf Ehqajqbt,,,Train station. Map,ZA,2025-10-31
Etiae,,,Train station. Map,ZA,2025-10-31
Fgoqj,,,Train station. Map,ZA,2025-10-31
BFCJTsZ [QJ]BOMFYEPXsTZ,,,Train station. Map,ZA,2025-10-31
QUJOL,,,Rival Room,ZA,2025-10-31
`RBYEZJ,,,Rival Room. Lemon soda?,ZA,2025-10-31
QUJO L`Pl,,,Rival Room. Quasar ticket,ZA,2025-10-31
OM`RD~sI ~BAREFmQ`DB,,,Rival Room. Quasar ticket,ZA,2025-10-31
`Rbkerqa lct`qj,,,Rival Room. Quasar ticket,ZA,2025-10-31
lEXBQCSI EITUFYLZ QUCYOIlHY,,,Rival Room. Newspaper,ZA,2025-10-31
UTsOP~BER~sVIYD~BCE,,,Rival Room. Newspaper,ZA,2025-10-31
`RBYEZJ akehb,,,Rival Room. Book?,ZA,2025-10-31
MBmER FQLHBYUSM,,,Rival Room. Dedenne,ZA,2025-10-31
`RsR,,,Rival Room. Talonflame cardboard box,ZA,2025-10-31
lEXBQCSI,,,Rival Room. Whiteboard map text,ZA,2025-10-31
EITUF,,,Rival Room. Whiteboard map text,ZA,2025-10-31
YLZ,,,Rival Room. Whiteboard map text,ZA,2025-10-31
sOPB~E,,,"Rival Room. White box, red text",ZA,2025-10-31
JOUEQ,,,Friend clothes,ZA,2025-10-31
LeqqHaowt,,,Friend clothes,ZA,2025-10-31
Aqroj,,,Friend clothes,ZA,2025-10-31
Pbcw,,,Friend clothes,ZA,2025-10-31
`DERmV,,,Friend room. Steel type sign,ZA,2025-10-31
loqa`q,,,Friend room. Cardboard box,ZA,2025-10-31
DLVEI,,,Friend room. Green box,ZA,2025-10-31
OMFYEPXsTZ,,,Friend room. Green box,ZA,2025-10-31
EZJ~sQ,,,Friend room. Scatterbug,ZA,2025-10-31
Qtaoèg Igwee,,,Friend room.,ZA,2025-10-31
Qfcbojicte,,,Lumiose city map. Drawn onto.,ZA,2025-10-31
Oawcortach,,,Lumiose city map. Drawn onto.,ZA,2025-10-31
Hrgaitqhow,,,Lumiose city map. Drawn onto.,ZA,2025-10-31
Agfoecqeai,,,Lumiose city map. Drawn onto.,ZA,2025-10-31
[-]bitcaqhrw,,,Lumiose city map. Drawn onto.,ZA,2025-10-31
Qfcbojicte,,,Lumiose city map. Drawn onto.,ZA,2025-10-31
Oawcortach,,,Lumiose city map. Drawn onto.,ZA,2025-10-31
Hrgaitqhow,,,Lumiose city map. Drawn onto.,ZA,2025-10-31
Agfoecqeai,,,Lumiose city map. Drawn onto.,ZA,2025-10-31
RELBEQ,,,Lumiose city map.,ZA,2025-10-31
VEPMsHCsS NFSHQDIsF,,Momiji Lab,Garchomp anatomy poster,ZA,2025-10-31
Xcqjo[-]eieaj,,Momiji Lab,Poster,ZA,2025-10-31
RELBEQTVE,,Momiji Lab,Poster,ZA,2025-10-31
Eoqregit,,,Cardboard box,ZA,2025-10-31
Dfcbw RELBEQTVEPMsHCs Qbe`qcwoh qtkonfblo[~w]bqcir,,,Hisui map,ZA,2025-10-31
Ctbgewof Ecgw rehq,,,Hisui map,ZA,2025-10-31
hbgnèib`q,,,Hisui data/art,ZA,2025-10-31
ugtieqog Xecwbtqc Fto Bcbjq Zwb Qofcq X[--]gwtif Vh Nehcij Eoqr ègit ohqt[--]br,,,Hisui data/art,ZA,2025-10-31
ofbtke~qr,,,Hisui data/art,ZA,2025-10-31
Riwbr Ctw Drch sqbt sqbi Hcirt I[--]o Db i sqhct Z[-] Lhwtj Oct Foeqb,,,Hisui data/art,ZA,2025-10-31
jqtcq~woih,,,Hisui data/art,ZA,2025-10-31
Eoqregit ohqtk~qbr Fto Bcbjq Zwb Qofcq wgtieqog Xecwbtqc Xtogwtif Vh Nehcij Fto Bcbjq Zwb Qofcq,,,Hisui data/art,ZA,2025-10-31
Xocbg Veqrehj Dret Bh Qewgci Sogbe qrt qrt Jghbt Iefbciww giq wgtieqog,,,Hisui data/art,ZA,2025-10-31
lo~wbqcir,,,Hisui data/art,ZA,2025-10-31
Qbe`qcwoh,,,Hisui data/art,ZA,2025-10-31
ohqtk~qbr,,,Hisui data/art,ZA,2025-10-31
Eoqrègit,,,Hisui data/art,ZA,2025-10-31
mjwgbtotk,,,Hisui data/art,ZA,2025-10-31
qtkonfb je,,,Hisui data/art,ZA,2025-10-31
Ctw,,,Museum map,ZA,2025-10-31
Riwbr,,,Museum map,ZA,2025-10-31
Oct,,,Museum map,ZA,2025-10-31
sqbt,,,Museum map,ZA,2025-10-31
Hcirt,,,Museum map,ZA,2025-10-31
Ibeo,,,Museum map,ZA,2025-10-31
Drch,,,Museum map,ZA,2025-10-31
Dbi,,,Museum map,ZA,2025-10-31
Ze TXLSLOFNRSEC BsASCMBsSVOsR RELBEQTVEPM sHCsSYCBFCJTsZ QQLREOLF,,,Museum map,ZA,2025-10-31
Vh JHTOOsCLXV SFTsAOT TXLSLOFNRSEC RELBEQTVEPM sHCsSYCBFCJTsZ,,,Museum map,ZA,2025-10-31
Sjqqoc,,,Canari old man poster,ZA,2025-10-31
lEXBQCSI,,,Pokéball shop,ZA,2025-10-31
PsELBRsTYCRNFSHQD,,,Scientific type poster,ZA,2025-10-31
QQLREOLFJHTOOs,,,Scientific type poster,ZA,2025-10-31
T[-]LSLOFNR[-]ECBsA,,,Scientific type poster,ZA,2025-10-31
RELBEQTVEPMsHCs,,,Scientific type poster,ZA,2025-10-31
PsELBRs XacbgVoqr,,,Scientific type poster,ZA,2025-10-31
Iefbci[-]wgi,,,Scientific type poster,ZA,2025-10-31
mFOQLlVIU VmS~BmB,,,Danger sign,ZA,2025-10-31
MAOEHSsD EPXsTZ,,,"Street sign. Green border, blue background",ZA,2025-10-31
IsJYW[-]CV,,,Boutique sign,ZA,2025-10-31
ICHSs ~q OSUX`R,,,Boutique sign,ZA,2025-10-31
~Bwteq lQDAB,,,Publication wall,ZA,2025-10-31
MA OEHS sDLVEI,,,Train station. Destination signs,ZA,2025-10-31
VOC Ejehb,,,Train station. Destination signs,ZA,2025-10-31
LM Qtao,,,Train station. Destination signs,ZA,2025-10-31
FsI Igw,,,Train station. Destination signs,ZA,2025-10-31
CEH Roiqec,,,Train station. Destination signs,ZA,2025-10-31
TY Bftee,,,Train station. Destination signs,ZA,2025-10-31
FX Cw,,,Train station. Destination signs,ZA,2025-10-31
SV Btah,,,Train station. Destination signs,ZA,2025-10-31
TY Vqciaqje,,,Train station. Destination signs,ZA,2025-10-31
TOB Meorg,,,Train station. Destination signs,ZA,2025-10-31
HT Jfwtwa,,,Train station. Destination signs,ZA,2025-10-31
VOC Aqroj,,,Train station. Destination signs,ZA,2025-10-31
LM Ftbbeir,,,Train station. Destination signs,ZA,2025-10-31
EQTVEPMs QQL Xcqj owe Mbgc tef,,,Train station. Destination signs,ZA,2025-10-31
BFCJTsZ,,,Text under check mark,ZA,2025-10-31
QVmS~Bm jqtcq~woia,,,Danger sign,ZA,2025-10-31
J`RYCRNF SHQDI hbgnèib`qofbtke~qrjqtcq~woih,,,Floette’s monitor screen,ZA,2025-10-31
Riwbr Xecwbtq,,,Floette’s monitor screen,ZA,2025-10-31
Xecwbtq Qofcq Xtogw,,,Floette’s monitor screen,ZA,2025-10-31
QTVEPM,,,Floette’s monitor screen,ZA,2025-10-31
Iefbciw Xocbg Veqre,,,Floette’s monitor screen,ZA,2025-10-31
Foew,,,Floette’s monitor screen,ZA,2025-10-31
YCRNFSH,,,Floette’s monitor screen,ZA,2025-10-31
